date,close
2016/8/26,217.2899933
2016/8/29,218.3600006
2016/8/30,218
2016/8/31,217.3800049
2016/9/1,217.3899994
2016/9/2,218.3699951
2016/9/6,219.0299988
2016/9/7,219.0099945
2016/9/8,218.5099945
2016/9/9,213.2799988
2016/9/12,216.3399963
2016/9/13,213.2299957
2016/9/14,213.1499939
2016/9/15,215.2799988
2016/9/16,213.3699951
2016/9/19,213.4100037
2016/9/20,213.4199982
2016/9/21,215.8200073
2016/9/22,217.1799927
2016/9/23,215.9900055
2016/9/26,214.2400055
2016/9/27,215.5700073
2016/9/28,216.6399994
2016/9/29,214.6799927
2016/9/30,216.3000031
2016/10/3,215.7799988
2016/10/4,214.6799927
2016/10/5,215.6300049
2016/10/6,215.7799988
2016/10/7,215.0399933
2016/10/10,216.1600037
2016/10/11,213.4299927
2016/10/12,213.7100067
2016/10/13,213.0099945
2016/10/14,213.1199951
2016/10/17,212.3800049
2016/10/18,213.7100067
2016/10/19,214.2799988
2016/10/20,213.8800049
2016/10/21,213.9799957
2016/10/24,214.8899994
2016/10/25,214.1699982
2016/10/26,213.7400055
2016/10/27,213.1699982
2016/10/28,212.5399933
2016/10/31,212.5500031
2016/11/1,211.0099945
2016/11/2,209.7400055
2016/11/3,208.7799988
2016/11/4,208.5500031
2016/11/7,213.1499939
2016/11/8,214.1100006
2016/11/9,216.3800049
2016/11/10,216.9199982
2016/11/11,216.4199982
2016/11/14,216.5899963
2016/11/15,218.2799988
2016/11/16,217.8699951
2016/11/17,218.9900055
2016/11/18,218.5
2016/11/21,220.1499939
2016/11/22,220.5800018
2016/11/23,220.6999969
2016/11/25,221.5200043
2016/11/28,220.4799957
2016/11/29,220.9100037
2016/11/30,220.3800049
2016/12/1,219.5700073
2016/12/2,219.6799927
2016/12/5,221
2016/12/6,221.6999969
2016/12/7,224.6000061
2016/12/8,225.1499939
2016/12/9,226.5099945
2016/12/12,226.25
2016/12/13,227.7599945
2016/12/14,225.8800049
2016/12/15,226.8099976
2016/12/16,225.0399933
2016/12/19,225.5299988
2016/12/20,226.3999939
2016/12/21,225.7700043
2016/12/22,225.3800049
2016/12/23,225.7100067
2016/12/27,226.2700043
2016/12/28,224.3999939
2016/12/29,224.3500061
2016/12/30,223.5299988
2017/1/3,225.2400055
2017/1/4,226.5800018
2017/1/5,226.3999939
2017/1/6,227.2100067
2017/1/9,226.4600067
2017/1/10,226.4600067
2017/1/11,227.1000061
2017/1/12,226.5299988
2017/1/13,227.0500031
2017/1/17,226.25
2017/1/18,226.75
2017/1/19,225.9100037
2017/1/20,226.7400055
2017/1/23,226.1499939
2017/1/24,227.6000061
2017/1/25,229.5700073
2017/1/26,229.3300018
2017/1/27,228.9700012
2017/1/30,227.5500031
2017/1/31,227.5299988
2017/2/1,227.6199951
2017/2/2,227.7700043
2017/2/3,229.3399963
2017/2/6,228.9299927
2017/2/7,228.9400024
2017/2/8,229.2400055
2017/2/9,230.6000061
2017/2/10,231.5099945
2017/2/13,232.7700043
2017/2/14,233.6999969
2017/2/15,234.9199982
2017/2/16,234.7200012
2017/2/17,235.0899963
2017/2/21,236.4900055
2017/2/22,236.2799988
2017/2/23,236.4400024
2017/2/24,236.7400055
2017/2/27,237.1100006
2017/2/28,236.4700012
2017/3/1,239.7799988
2017/3/2,238.2700043
2017/3/3,238.4199982
2017/3/6,237.7100067
2017/3/7,237
2017/3/8,236.5599976
2017/3/9,236.8600006
2017/3/10,237.6900024
2017/3/13,237.8099976
2017/3/14,236.8999939
2017/3/15,238.9499969
2017/3/16,238.4799957
2017/3/17,237.0299988
2017/3/20,236.7700043
2017/3/21,233.7299957
2017/3/22,234.2799988
2017/3/23,234.0299988
2017/3/24,233.8600006
2017/3/27,233.6199951
2017/3/28,235.3200073
2017/3/29,235.5399933
2017/3/30,236.2899933
2017/3/31,235.7400055
2017/4/3,235.3300018
2017/4/4,235.4799957
2017/4/5,234.7799988
2017/4/6,235.4400024
2017/4/7,235.1999969
2017/4/10,235.3399963
2017/4/11,235.0599976
2017/4/12,234.0299988
2017/4/13,232.5099945
2017/4/17,234.5700073
2017/4/18,233.8699951
2017/4/19,233.4400024
2017/4/20,235.3399963
2017/4/21,234.5899963
2017/4/24,237.1699982
2017/4/25,238.5500031
2017/4/26,238.3999939
2017/4/27,238.6000061
2017/4/28,238.0800018
2017/5/1,238.6799927
2017/5/2,238.7700043
2017/5/3,238.4799957
2017/5/4,238.7599945
2017/5/5,239.6999969
2017/5/8,239.6600037
2017/5/9,239.4400024
2017/5/10,239.8699951
2017/5/11,239.3800049
2017/5/12,238.9799957
2017/5/15,240.3000031
2017/5/16,240.0800018
2017/5/17,235.8200073
2017/5/18,236.7700043
2017/5/19,238.3099976
2017/5/22,239.5200043
2017/5/23,240.0500031
2017/5/24,240.6100006
2017/5/25,241.7599945
2017/5/26,241.7100067
2017/5/30,241.5
2017/5/31,241.4400024
2017/6/1,243.3600006
2017/6/2,244.1699982
2017/6/5,243.9900055
2017/6/6,243.2100067
2017/6/7,243.6600037
2017/6/8,243.7799988
2017/6/9,243.4100037
2017/6/12,243.3600006
2017/6/13,244.5500031
2017/6/14,244.2400055
2017/6/15,243.7700043
2017/6/16,242.6399994
2017/6/19,244.6600037
2017/6/20,243.0099945
2017/6/21,242.9499969
2017/6/22,242.8399963
2017/6/23,243.1300049
2017/6/26,243.2899933
2017/6/27,241.3300018
2017/6/28,243.4900055
2017/6/29,241.3500061
2017/6/30,241.8000031
2017/7/3,242.2100067
2017/7/5,242.7700043
2017/7/6,240.5500031
2017/7/7,242.1100006
2017/7/10,242.3699951
2017/7/11,242.1900024
2017/7/12,244.0099945
2017/7/13,244.4199982
2017/7/14,245.5599976
2017/7/17,245.5299988
2017/7/18,245.6600037
2017/7/19,246.9900055
2017/7/20,247.1000061
2017/7/21,246.8800049
2017/7/24,246.8200073
2017/7/25,247.4199982
2017/7/26,247.4299927
2017/7/27,247.1999969
2017/7/28,246.9100037
2017/7/31,246.7700043
2017/8/1,247.3200073
2017/8/2,247.4400024
2017/8/3,246.9600067
2017/8/4,247.4100037
2017/8/7,247.8699951
2017/8/8,247.2599945
2017/8/9,247.25
2017/8/10,243.7599945
2017/8/11,244.1199951
2017/8/14,246.5399933
2017/8/15,246.5099945
2017/8/16,246.9400024
2017/8/17,243.0899963
2017/8/18,242.7100067
2017/8/21,242.8999939
2017/8/22,245.4400024
2017/8/23,244.5599976
2017/8/24,243.9900055
2017/8/25,244.5599976
2017/8/28,244.5700073
2017/8/29,244.8500061
2017/8/30,246.0099945
2017/8/31,247.4900055
2017/9/1,247.8399963
2017/9/5,246.0599976
2017/9/6,246.8999939
2017/9/7,246.8699951
2017/9/8,246.5800018
2017/9/11,249.2100067
2017/9/12,250.0500031
2017/9/13,250.1699982
2017/9/14,250.0899963
2017/9/15,249.1900024
2017/9/18,249.7200012
2017/9/19,249.9700012
2017/9/20,250.0599976
2017/9/21,249.3899994
2017/9/22,249.4400024
2017/9/25,248.9299927
2017/9/26,249.0800018
2017/9/27,250.0500031
2017/9/28,250.3500061
2017/9/29,251.2299957
2017/10/2,252.3200073
2017/10/3,252.8600006
2017/10/4,253.1600037
2017/10/5,254.6600037
2017/10/6,254.3699951
2017/10/9,253.9499969
2017/10/10,254.6199951
2017/10/11,255.0200043
2017/10/12,254.6399994
2017/10/13,254.9499969
2017/10/16,255.2899933
2017/10/17,255.4700012
2017/10/18,255.7200012
2017/10/19,255.7899933
2017/10/20,257.1099854
2017/10/23,256.1099854
2017/10/24,256.5599976
2017/10/25,255.2899933
2017/10/26,255.6199951
2017/10/27,257.7099915
2017/10/30,256.75
2017/10/31,257.1499939
2017/11/1,257.4899902
2017/11/2,257.5899963
2017/11/3,258.4500122
2017/11/6,258.8500061
2017/11/7,258.6700134
2017/11/8,259.1099854
2017/11/9,258.1700134
2017/11/10,258.0899963
2017/11/13,258.3299866
2017/11/14,257.730011
2017/11/15,256.4400024
2017/11/16,258.6199951
2017/11/17,257.8599854
2017/11/20,258.2999878
2017/11/21,259.9899902
2017/11/22,259.7600098
2017/11/24,260.3599854
2017/11/27,260.230011
2017/11/28,262.8699951
2017/11/29,262.7099915
2017/11/30,265.0100098
2017/12/1,264.4599915
2017/12/4,264.1400146
2017/12/5,263.1900024
2017/12/6,263.2399902
2017/12/7,264.0700073
2017/12/8,265.5100098
2017/12/11,266.3099976
2017/12/12,266.7799988
2017/12/13,266.75
2017/12/14,265.6600037
2017/12/15,266.5100098
2017/12/18,268.2000122
2017/12/19,267.1700134
2017/12/20,267.0299988
2017/12/21,267.5799866
2017/12/22,267.5100098
2017/12/26,267.1900024
2017/12/27,267.3200073
2017/12/28,267.8699951
2017/12/29,266.8599854
2018/1/2,268.769989
2018/1/3,270.4700012
2018/1/4,271.6099854
2018/1/5,273.4200134
2018/1/8,273.9200134
2018/1/9,274.5400085
2018/1/10,274.1199951
2018/1/11,276.1199951
2018/1/12,277.9200134
2018/1/16,276.9700012
2018/1/17,279.6099854
2018/1/18,279.1400146
2018/1/19,280.4100037
2018/1/22,282.6900024
2018/1/23,283.2900085
2018/1/24,283.1799927
2018/1/25,283.2999878
2018/1/26,286.5799866
2018/1/29,284.6799927
2018/1/30,281.7600098
2018/1/31,281.8999939
2018/2/1,281.5799866
2018/2/2,275.4500122
2018/2/5,263.9299927
2018/2/6,269.1300049
2018/2/7,267.6700134
2018/2/8,257.6300049
2018/2/9,261.5
2018/2/12,265.3399963
2018/2/13,266
2018/2/14,269.5899963
2018/2/15,273.0299988
2018/2/16,273.1099854
2018/2/20,271.3999939
2018/2/21,270.0499878
2018/2/22,270.3999939
2018/2/23,274.7099915
2018/2/26,277.8999939
2018/2/27,274.4299927
2018/2/28,271.6499939
2018/3/1,267.7000122
2018/3/2,269.0799866
2018/3/5,272.1900024
2018/3/6,272.8800049
2018/3/7,272.7799988
2018/3/8,274.1000061
2018/3/9,278.8699951
2018/3/12,278.519989
2018/3/13,276.7200012
2018/3/14,275.2999878
2018/3/15,275
2018/3/16,274.2000122
2018/3/19,270.4899902
2018/3/20,270.9500122
2018/3/21,270.4299927
2018/3/22,263.6700134
2018/3/23,258.0499878
2018/3/26,265.1099854
2018/3/27,260.6000061
2018/3/28,259.8299866
2018/3/29,263.1499939
2018/4/2,257.4700012
2018/4/3,260.769989
2018/4/4,263.5599976
2018/4/5,265.6400146
2018/4/6,259.7200012
2018/4/9,261
2018/4/10,265.1499939
2018/4/11,263.7600098
2018/4/12,265.9299927
2018/4/13,265.1499939
2018/4/16,267.3299866
2018/4/17,270.1900024
2018/4/18,270.3900146
2018/4/19,268.8900146
2018/4/20,266.6099854
2018/4/23,266.5700073
2018/4/24,262.980011
2018/4/25,263.6300049
2018/4/26,266.3099976
2018/4/27,266.5599976
2018/4/30,264.5100098
2018/5/1,264.980011
2018/5/2,263.2000122
2018/5/3,262.6199951
2018/5/4,266.019989
2018/5/7,266.9200134
2018/5/8,266.9200134
2018/5/9,269.5
2018/5/10,272.019989
2018/5/11,272.8500061
2018/5/14,272.980011
2018/5/15,271.1000061
2018/5/16,272.2399902
2018/5/17,272.0100098
2018/5/18,271.3299866
2018/5/21,273.3699951
2018/5/22,272.6099854
2018/5/23,273.3599854
2018/5/24,272.7999878
2018/5/25,272.1499939
2018/5/29,269.019989
2018/5/30,272.6099854
2018/5/31,270.9400024
2018/6/1,273.6000061
2018/6/4,274.8999939
2018/6/5,275.1000061
2018/6/6,277.3999939
2018/6/7,277.3699951
2018/6/8,278.1900024
2018/6/11,278.5599976
2018/6/12,278.9200134
2018/6/13,278.0299988
2018/6/14,278.730011
2018/6/15,277.1300049
2018/6/18,276.5599976
2018/6/19,275.5
2018/6/20,275.9700012
2018/6/21,274.2399902
2018/6/22,274.7399902
2018/6/25,271
2018/6/26,271.6000061
2018/6/27,269.3500061
2018/6/28,270.8900146
2018/6/29,271.2799988
2018/7/2,271.8599854
2018/7/3,270.8999939
2018/7/5,273.1099854
2018/7/6,275.4200134
2018/7/9,277.8999939
2018/7/10,278.8999939
2018/7/11,276.8599854
2018/7/12,279.3699951
2018/7/13,279.5899963
2018/7/16,279.3399963
2018/7/17,280.4700012
2018/7/18,281.0599976
2018/7/19,280
2018/7/20,279.6799927
2018/7/23,280.2000122
2018/7/24,281.6099854
2018/7/25,284.0100098
2018/7/26,283.3399963
2018/7/27,281.4200134
2018/7/30,279.9500122
2018/7/31,281.3299866
2018/8/1,280.8599854
2018/8/2,282.3900146
2018/8/3,283.6000061
2018/8/6,284.6400146
2018/8/7,285.5799866
2018/8/8,285.4599915
2018/8/9,285.0700073
2018/8/10,283.1600037
2018/8/13,282.1000061
2018/8/14,283.8999939
2018/8/15,281.7799988
2018/8/16,284.0599976
2018/8/17,285.0599976
2018/8/20,285.6700134
2018/8/21,286.3399963
2018/8/22,286.1700134
2018/8/23,285.7900085
2018/8/24,287.5100098
2018/8/27,289.7799988
2018/8/28,289.9200134
2018/8/29,291.480011
2018/8/30,290.2999878
2018/8/31,290.3099976
2018/9/4,289.8099976
2018/9/5,289.0299988
2018/9/6,288.1600037
2018/9/7,287.6000061
2018/9/10,288.1000061
2018/9/11,289.0499878
2018/9/12,289.1199951
2018/9/13,290.8299866
2018/9/14,290.8800049
2018/9/17,289.3399963
2018/9/18,290.9100037
2018/9/19,291.2200012
2018/9/20,293.5799866
2018/9/21,291.9899902
2018/9/24,291.019989
2018/9/25,290.75
2018/9/26,289.8800049
2018/9/27,290.6900024
2018/9/28,290.7200012
2018/10/1,291.730011
2018/10/2,291.5599976
2018/10/3,291.7200012
2018/10/4,289.4400024
2018/10/5,287.8200073
2018/10/8,287.8200073
2018/10/9,287.3999939
2018/10/10,278.2999878
2018/10/11,272.1700134
2018/10/12,275.9500122
2018/10/15,274.3999939
2018/10/16,280.3999939
2018/10/17,280.4500122
2018/10/18,276.3999939
2018/10/19,276.25
2018/10/22,275.0100098
2018/10/23,273.6099854
2018/10/24,265.3200073
2018/10/25,270.0799866
2018/10/26,265.3299866
2018/10/29,263.8599854
2018/10/30,267.769989
2018/10/31,270.6300049
2018/11/1,273.5100098
2018/11/2,271.8900146
2018/11/5,273.3900146
2018/11/6,275.1199951
2018/11/7,281.0100098
2018/11/8,280.5
2018/11/9,277.7600098
2018/11/12,272.5700073
2018/11/13,272.0599976
2018/11/14,270.2000122
2018/11/15,273.019989
2018/11/16,273.730011
2018/11/19,269.1000061
2018/11/20,264.1199951
2018/11/21,265.019989
2018/11/23,263.25
2018/11/26,267.5
2018/11/27,268.3999939
2018/11/28,274.5799866
2018/11/29,273.980011
2018/11/30,275.6499939
2018/12/3,279.2999878
2018/12/4,270.25
2018/12/6,269.8399963
2018/12/7,263.5700073
2018/12/10,264.0700073
2018/12/11,264.1300049
2018/12/12,265.4599915
2018/12/13,265.3699951
2018/12/14,260.4700012
2018/12/17,255.3600006
2018/12/18,255.0800018
2018/12/19,251.2599945
2018/12/20,247.1699982
2018/12/21,240.6999969
2018/12/24,234.3399963
2018/12/26,246.1799927
2018/12/27,248.0700073
2018/12/28,247.75
2018/12/31,249.9199982
2019/1/2,250.1799927
2019/1/3,244.2100067
2019/1/4,252.3899994
2019/1/7,254.3800049
2019/1/8,256.769989
2019/1/9,257.9700012
2019/1/10,258.8800049
2019/1/11,258.980011
2019/1/14,257.3999939
2019/1/15,260.3500061
2019/1/16,260.980011
2019/1/17,262.9599915
2019/1/18,266.4599915
2019/1/22,262.8599854
2019/1/23,263.4100037
2019/1/24,263.5499878
2019/1/25,265.7799988
2019/1/28,263.7600098
2019/1/29,263.4100037
2019/1/30,267.5799866
2019/1/31,269.9299927
2019/2/1,270.0599976
2019/2/4,271.9599915
2019/2/5,273.1000061
2019/2/6,272.7399902
2019/2/7,270.1400146
2019/2/8,270.4700012
2019/2/11,270.6199951
2019/2/12,274.1000061
2019/2/13,274.9899902
2019/2/14,274.3800049
2019/2/15,277.3699951
2019/2/19,277.8500061
2019/2/20,278.4100037
2019/2/21,277.4200134
2019/2/22,279.1400146
2019/2/25,279.519989
2019/2/26,279.3200073
2019/2/27,279.2000122
2019/2/28,278.6799927
2019/3/1,280.4200134
2019/3/4,279.3999939
2019/3/5,279.019989
2019/3/6,277.3299866
2019/3/7,275.0100098
2019/3/8,274.4599915
2019/3/11,278.4400024
2019/3/12,279.4899902
2019/3/13,281.3399963
2019/3/14,281.1600037
2019/3/15,281.3099976
2019/3/18,282.3299866
2019/3/19,282.3999939
2019/3/20,281.5499878
2019/3/21,284.730011
2019/3/22,279.25
2019/3/25,279.0400085
2019/3/26,281.1199951
2019/3/27,279.6499939
2019/3/28,280.7099915
2019/3/29,282.480011
2019/4/1,285.8299866
2019/4/2,285.9700012
2019/4/3,286.4200134
2019/4/4,287.1799927
2019/4/5,288.5700073
2019/4/8,288.7900085
2019/4/9,287.3099976
2019/4/10,288.2900085
2019/4/11,288.2099915
2019/4/12,290.1600037
2019/4/15,289.9700012
2019/4/16,290.1600037
2019/4/17,289.4500122
2019/4/18,290.019989
2019/4/22,290.269989
2019/4/23,292.8800049
2019/4/24,292.230011
2019/4/25,292.0499878
2019/4/26,293.4100037
2019/4/29,293.8699951
2019/4/30,294.019989
2019/5/1,291.8099976
2019/5/2,291.1799927
2019/5/3,294.0299988
2019/5/6,292.8200073
2019/5/7,287.9299927
2019/5/8,287.5299988
2019/5/9,286.6600037
2019/5/10,288.1000061
2019/5/13,280.8599854
2019/5/14,283.3999939
2019/5/15,285.0599976
2019/5/16,287.7000122
2019/5/17,285.8399963
2019/5/20,283.9500122
2019/5/21,286.5100098
2019/5/22,285.6300049
2019/5/23,282.1400146
2019/5/24,282.7799988
2019/5/28,280.1499939
2019/5/29,278.269989
2019/5/30,279.0299988
2019/5/31,275.269989
2019/6/3,274.5700073
2019/6/4,280.5299988
2019/6/5,282.9599915
2019/6/6,284.7999878
2019/6/7,287.6499939
2019/6/10,288.9700012
2019/6/11,288.8999939
2019/6/12,288.3900146
2019/6/13,289.5799866
2019/6/14,289.2600098
2019/6/17,289.3699951
2019/6/18,292.3999939
2019/6/19,293.0599976
2019/6/20,295.8599854
2019/6/21,294
2019/6/24,293.6400146
2019/6/25,290.7600098
2019/6/26,290.4700012
2019/6/27,291.5
2019/6/28,293
2019/7/1,295.6600037
2019/7/2,296.4299927
2019/7/3,298.7999878
2019/7/5,298.4599915
2019/7/8,296.8200073
2019/7/9,297.1900024
2019/7/10,298.6099854
2019/7/11,299.3099976
2019/7/12,300.6499939
2019/7/15,300.75
2019/7/16,299.7799988
2019/7/17,297.7399902
2019/7/18,298.8299866
2019/7/19,297.1700134
2019/7/22,297.8999939
2019/7/23,300.0299988
2019/7/24,301.4400024
2019/7/25,300
2019/7/26,302.0100098
2019/7/29,301.4599915
2019/7/30,300.7200012
2019/7/31,297.4299927
2019/8/1,294.8399963
2019/8/2,292.6199951
2019/8/5,283.8200073
2019/8/6,287.7999878
2019/8/7,287.9700012
2019/8/8,293.6199951
2019/8/9,291.6199951
2019/8/12,288.0700073
2019/8/13,292.5499878
2019/8/14,283.8999939
2019/8/15,284.6499939
2019/8/16,288.8500061
2019/8/19,292.3299866
2019/8/20,290.0899963
2019/8/21,292.4500122
2019/8/22,292.3599854
2019/8/23,284.8500061
2019/8/26,288
2019/8/27,286.8699951
2019/8/28,288.8900146
2019/8/29,292.5799866
2019/8/30,292.4500122
2019/9/3,290.7399902
2019/9/4,294.0400085
2019/9/5,297.8200073
2019/9/6,298.0499878
2019/9/9,298.2000122
2019/9/10,298.1300049
2019/9/11,300.25
2019/9/12,301.2900085
2019/9/13,301.0899963
2019/9/16,300.1600037
2019/9/17,300.9200134
2019/9/18,301.1000061
2019/9/19,301.0799866
2019/9/20,298.2799988
2019/9/23,298.2099915
2019/9/24,295.8699951
2019/9/25,297.6199951
2019/9/26,297
2019/9/27,295.3999939
2019/9/30,296.769989
2019/10/1,293.2399902
2019/10/2,288.0599976
2019/10/3,290.4200134
2019/10/4,294.3500061
2019/10/7,293.0799866
2019/10/8,288.5299988
2019/10/9,291.269989
2019/10/10,293.2399902
2019/10/11,296.2799988
2019/10/14,295.9500122
2019/10/15,298.8800049
2019/10/16,298.3999939
2019/10/17,299.2799988
2019/10/18,297.9700012
2019/10/21,299.9899902
2019/10/22,299.0100098
2019/10/23,299.8800049
2019/10/24,300.3699951
2019/10/25,301.6000061
2019/10/28,303.2999878
2019/10/29,303.2099915
2019/10/30,304.1400146
2019/10/31,303.3299866
2019/11/1,306.1400146
2019/11/4,307.3699951
2019/11/5,307.0299988
2019/11/6,307.1000061
2019/11/7,308.1799927
2019/11/8,308.9400024
2019/11/11,308.3500061
2019/11/12,309
2019/11/13,309.1000061
2019/11/14,309.5499878
2019/11/15,311.7900085
2019/11/18,312.019989
2019/11/19,311.9299927
2019/11/20,310.769989
2019/11/21,310.269989
2019/11/22,310.9599915
2019/11/25,313.3699951
2019/11/26,314.0799866
2019/11/27,315.480011
2019/11/29,314.3099976
2019/12/2,311.6400146
2019/12/3,309.5499878
2019/12/4,311.4599915
2019/12/5,312.019989
2019/12/6,314.8699951
2019/12/9,313.8800049
2019/12/10,313.5299988
2019/12/11,314.4200134
2019/12/12,317.1300049
2019/12/13,317.3200073
2019/12/16,319.5
2019/12/17,319.5700073
2019/12/18,319.5899963
2019/12/19,320.8999939
2019/12/20,320.730011
2019/12/23,321.2200012
2019/12/24,321.230011
2019/12/26,322.9400024
2019/12/27,322.8599854
2019/12/30,321.0799866
2019/12/31,321.8599854
2020/1/2,324.8699951
2020/1/3,322.4100037
2020/1/6,323.6400146
2020/1/7,322.730011
2020/1/8,324.4500122
2020/1/9,326.6499939
2020/1/10,325.7099915
2020/1/13,327.9500122
2020/1/14,327.4500122
2020/1/15,328.1900024
2020/1/16,330.9200134
2020/1/17,331.9500122
2020/1/21,331.2999878
2020/1/22,331.3399963
2020/1/23,331.7200012
2020/1/24,328.769989
2020/1/27,323.5
2020/1/28,326.8900146
2020/1/29,326.6199951
2020/1/30,327.6799927
2020/1/31,321.730011
2020/2/3,324.1199951
2020/2/4,329.0599976
2020/2/5,332.8599854
2020/2/6,333.980011
2020/2/7,332.2000122
2020/2/10,334.6799927
2020/2/11,335.2600098
2020/2/12,337.4200134
2020/2/13,337.0599976
2020/2/14,337.6000061
2020/2/18,336.730011
2020/2/19,338.3399963
2020/2/20,336.9500122
2020/2/21,333.480011
2020/2/24,322.4200134
2020/2/25,312.6499939
2020/2/26,311.5
2020/2/27,297.5100098
2020/2/28,296.2600098
2020/3/2,309.0899963
2020/3/3,300.2399902
2020/3/4,312.8599854
2020/3/5,302.4599915
2020/3/6,297.4599915
2020/3/9,274.230011
2020/3/10,288.4200134
2020/3/11,274.3599854
2020/3/12,248.1100006
2020/3/13,269.3200073
2020/3/16,239.8500061
2020/3/17,252.8000031
2020/3/18,240
2020/3/19,240.5099945
2020/3/20,228.8000031
2020/3/23,222.9499969
2020/3/24,243.1499939
2020/3/25,246.7899933
2020/3/26,261.2000122
2020/3/27,253.4199982
2020/3/30,261.6499939
2020/3/31,257.75
2020/4/1,246.1499939
2020/4/2,251.8300018
2020/4/3,248.1900024
2020/4/6,264.8599854
2020/4/7,265.1300049
2020/4/8,274.0299988
2020/4/9,278.2000122
2020/4/13,275.6600037
2020/4/14,283.7900085
2020/4/15,277.7600098
2020/4/16,279.1000061
2020/4/17,286.6400146
2020/4/20,281.5899963
2020/4/21,273.0400085
2020/4/22,279.1000061
2020/4/23,279.0799866
2020/4/24,282.9700012
2020/4/27,287.0499878
2020/4/28,285.730011
2020/4/29,293.2099915
2020/4/30,290.480011
2020/5/1,282.7900085
2020/5/4,283.5700073
2020/5/5,286.1900024
2020/5/6,284.25
2020/5/7,287.6799927
2020/5/8,292.4400024
2020/5/11,292.5
2020/5/12,286.6700134
2020/5/13,281.6000061
2020/5/14,284.9700012
2020/5/15,286.2799988
2020/5/18,295
2020/5/19,291.9700012
2020/5/20,296.9299927
2020/5/21,294.8800049
2020/5/22,295.4400024
2020/5/26,299.0799866
2020/5/27,303.5299988
2020/5/28,302.9700012
2020/5/29,304.3200073
2020/6/1,305.5499878
2020/6/2,308.0799866
2020/6/3,312.1799927
2020/6/4,311.3599854
2020/6/5,319.3399963
2020/6/8,323.2000122
2020/6/9,320.7900085
2020/6/10,319
2020/6/11,300.6099854
2020/6/12,304.2099915
2020/6/15,307.0499878
2020/6/16,312.9599915
2020/6/17,311.6600037
2020/6/18,311.7799988
2020/6/19,308.6400146
2020/6/22,310.6199951
2020/6/23,312.0499878
2020/6/24,304.0899963
2020/6/25,307.3500061
2020/6/26,300.0499878
2020/6/29,304.4599915
2020/6/30,308.3599854
2020/7/1,310.519989
2020/7/2,312.230011
2020/7/6,317.0499878
2020/7/7,313.7799988
2020/7/8,316.1799927
2020/7/9,314.3800049
2020/7/10,317.5899963
2020/7/13,314.8399963
2020/7/14,318.9200134
2020/7/15,321.8500061
2020/7/16,320.7900085
2020/7/17,321.7200012
2020/7/20,324.3200073
2020/7/21,325.0100098
2020/7/22,326.8599854
2020/7/23,322.9599915
2020/7/24,320.8800049
2020/7/27,323.2200012
2020/7/28,321.1700134
2020/7/29,325.1199951
2020/7/30,323.9599915
2020/7/31,326.519989
2020/8/3,328.7900085
2020/8/4,330.0599976
2020/8/5,332.1099854
2020/8/6,334.3299866
2020/8/7,334.5700073
2020/8/10,335.5700073
2020/8/11,332.7999878
2020/8/12,337.4400024
2020/8/13,336.8299866
2020/8/14,336.8399963
2020/8/17,337.9100037
2020/8/18,338.6400146
2020/8/19,337.230011
2020/8/20,338.2799988
2020/8/21,339.480011
2020/8/24,342.9200134
2020/8/25,344.1199951
2020/8/26,347.5700073
2020/8/27,348.3299866
2020/8/28,350.5799866
2020/8/31,349.3099976
2020/9/1,352.6000061
2020/9/2,357.7000122
2020/9/3,345.3900146
2020/9/4,342.5700073
2020/9/8,333.2099915
2020/9/9,339.7900085
2020/9/10,333.8900146
2020/9/11,334.0599976
2020/9/14,338.4599915
2020/9/15,340.1700134
2020/9/16,338.8200073
2020/9/17,335.8399963
2020/9/18,330.6499939
2020/9/21,326.9700012
2020/9/22,330.2999878
2020/9/23,322.6400146
2020/9/24,323.5
2020/9/25,328.730011
2020/9/28,334.1900024
2020/9/29,332.3699951
2020/9/30,334.8900146
2020/10/1,337.0400085
2020/10/2,333.8399963
2020/10/5,339.7600098
2020/10/6,334.9299927
2020/10/7,340.7600098
2020/10/8,343.7799988
2020/10/9,346.8500061
2020/10/12,352.4299927
2020/10/13,350.1300049
2020/10/14,347.9299927
2020/10/15,347.5
2020/10/16,347.2900085
2020/10/19,342.0100098
2020/10/20,343.3800049
2020/10/21,342.730011
2020/10/22,344.6099854
2020/10/23,345.7799988
2020/10/26,339.3900146
2020/10/27,338.2200012
2020/10/28,326.6600037
2020/10/29,329.980011
2020/10/30,326.5400085
2020/11/2,330.2000122
2020/11/3,336.0299988
2020/11/4,343.5400085
2020/11/5,350.2399902
2020/11/6,350.1600037
2020/11/9,354.5599976
2020/11/10,354.0400085
2020/11/11,356.6700134
2020/11/12,353.2099915
2020/11/13,358.1000061
2020/11/16,362.5700073
2020/11/17,360.6199951
2020/11/18,356.2799988
2020/11/19,357.7799988
2020/11/20,355.3299866
2020/11/23,357.4599915
2020/11/24,363.2200012
2020/11/25,362.6600037
2020/11/27,363.6700134
2020/11/30,362.0599976
2020/12/1,366.019989
2020/12/2,366.7900085
2020/12/3,366.6900024
2020/12/4,369.8500061
2020/12/7,369.0899963
2020/12/8,370.1700134
2020/12/9,366.8500061
2020/12/10,366.730011
2020/12/11,366.2999878
2020/12/14,364.6600037
2020/12/15,369.5899963
2020/12/16,370.1700134
2020/12/17,372.2399902
2020/12/18,369.1799927
2020/12/21,367.8599854
2020/12/22,367.2399902
2020/12/23,367.5700073
2020/12/24,369
2020/12/28,372.1700134
2020/12/29,371.4599915
2020/12/30,371.9899902
2020/12/31,373.8800049
2021/1/4,368.7900085
2021/1/5,371.3299866
2021/1/6,373.5499878
2021/1/7,379.1000061
2021/1/8,381.2600098
2021/1/11,378.6900024
2021/1/12,378.769989
2021/1/13,379.7900085
2021/1/14,378.4599915
2021/1/15,375.7000122
2021/1/19,378.6499939
2021/1/20,383.8900146
2021/1/21,384.2399902
2021/1/22,382.8800049
2021/1/25,384.3900146
2021/1/26,383.7900085
2021/1/27,374.4100037
2021/1/28,377.6300049
2021/1/29,370.0700073
2021/2/1,376.230011
2021/2/2,381.5499878
2021/2/3,381.8500061
2021/2/4,386.1900024
2021/2/5,387.7099915
2021/2/8,390.5100098
2021/2/9,390.25
2021/2/10,390.0799866
2021/2/11,390.7099915
2021/2/12,392.6400146
2021/2/16,392.2999878
2021/2/17,392.3900146
2021/2/18,390.7200012
2021/2/19,390.0299988
2021/2/22,387.0299988
2021/2/23,387.5
2021/2/24,391.769989
2021/2/25,382.3299866
2021/2/26,380.3599854
2021/3/1,389.5799866
2021/3/2,386.5400085
2021/3/3,381.4200134
2021/3/4,376.7000122
2021/3/5,383.6300049
2021/3/8,381.7200012
2021/3/9,387.1700134
2021/3/10,389.5799866
2021/3/11,393.5299988
2021/3/12,394.0599976
2021/3/15,396.4100037
2021/3/16,395.9100037
2021/3/17,397.2600098
2021/3/18,391.480011
2021/3/19,389.480011
2021/3/22,392.5899963
2021/3/23,389.5
2021/3/24,387.519989
2021/3/25,389.7000122
2021/3/26,395.980011
2021/3/29,395.7799988
2021/3/30,394.730011
2021/3/31,396.3299866
2021/4/1,400.6099854
2021/4/5,406.3599854
2021/4/6,406.1199951
2021/4/7,406.5899963
2021/4/8,408.519989
2021/4/9,411.4899902
2021/4/12,411.6400146
2021/4/13,412.8599854
2021/4/14,411.4500122
2021/4/15,415.8699951
2021/4/16,417.2600098
2021/4/19,415.2099915
2021/4/20,412.1700134
2021/4/21,416.0700073
2021/4/22,412.269989
2021/4/23,416.7399902
2021/4/26,417.6099854
2021/4/27,417.519989
2021/4/28,417.3999939
2021/4/29,420.0599976
2021/4/30,417.2999878
2021/5/3,418.2000122
2021/5/4,415.6199951
2021/5/5,415.75
2021/5/6,419.0700073
2021/5/7,422.1199951
2021/5/10,417.9400024
2021/5/11,414.2099915
2021/5/12,405.4100037
2021/5/13,410.2799988
2021/5/14,416.5799866
2021/5/17,415.519989
2021/5/18,411.9400024
2021/5/19,410.8599854
2021/5/20,415.2799988
2021/5/21,414.9400024
2021/5/24,419.1700134
2021/5/25,418.2399902
2021/5/26,419.0700073
2021/5/27,419.2900085
2021/5/28,420.0400085
2021/6/1,419.6700134
2021/6/2,420.3299866
2021/6/3,418.769989
2021/6/4,422.6000061
2021/6/7,422.1900024
2021/6/8,422.2799988
2021/6/9,421.6499939
2021/6/10,423.6099854
2021/6/11,424.3099976
2021/6/14,425.2600098
2021/6/15,424.480011
2021/6/16,422.1099854
2021/6/17,421.9700012
2021/6/18,414.9200134
2021/6/21,420.8599854
2021/6/22,423.1099854
2021/6/23,422.6000061
2021/6/24,425.1000061
2021/6/25,426.6099854
2021/6/28,427.4700012
2021/6/29,427.7000122
2021/6/30,428.0599976
2021/7/1,430.4299927
2021/7/2,433.7200012
2021/7/6,432.9299927
2021/7/7,434.4599915
2021/7/8,430.9200134
2021/7/9,435.519989
2021/7/12,437.0799866
2021/7/13,435.5899963
2021/7/14,436.2399902
2021/7/15,434.75
2021/7/16,431.3399963
2021/7/19,424.9700012
2021/7/20,431.0599976
2021/7/21,434.5499878
2021/7/22,435.4599915
2021/7/23,439.9400024
2021/7/26,441.019989
2021/7/27,439.0100098
2021/7/28,438.8299866
2021/7/29,440.6499939
2021/7/30,438.5100098
2021/8/2,437.5899963
2021/8/3,441.1499939
2021/8/4,438.980011
2021/8/5,441.7600098
2021/8/6,442.4899902
2021/8/9,442.1300049
2021/8/10,442.6799927
2021/8/11,443.7799988
2021/8/12,445.1099854
2021/8/13,445.9200134
2021/8/16,446.9700012
2021/8/17,444.0400085
2021/8/18,439.1799927
2021/8/19,439.8599854
2021/8/20,443.3599854
2021/8/23,447.2600098
2021/8/24,447.9700012
2021/8/25,448.9100037
2021/8/26,446.2600098
2021/8/27,450.25
2021/8/30,452.230011
2021/8/31,451.5599976
2021/9/1,451.7999878
2021/9/2,453.1900024
2021/9/3,453.0799866
2021/9/7,451.4599915
2021/9/8,450.9100037
2021/9/9,448.980011
2021/9/10,445.4400024
2021/9/13,446.5799866
2021/9/14,444.1700134
2021/9/15,447.8800049
2021/9/16,447.1700134
2021/9/17,441.3999939
2021/9/20,434.0400085
2021/9/21,433.6300049
2021/9/22,437.8599854
2021/9/23,443.1799927
2021/9/24,443.9100037
2021/9/27,442.6400146
2021/9/28,433.7200012
2021/9/29,434.4500122
2021/9/30,429.1400146
2021/10/1,434.2399902
2021/10/4,428.6400146
2021/10/5,433.1000061
2021/10/6,434.8999939
2021/10/7,438.6600037
2021/10/8,437.8599854
2021/10/11,434.6900024
2021/10/12,433.6199951
2021/10/13,435.1799927
2021/10/14,442.5
2021/10/15,445.8699951
2021/10/18,447.1900024
2021/10/19,450.6400146
2021/10/20,452.4100037
2021/10/21,453.5899963
2021/10/22,453.1199951
2021/10/25,455.5499878
2021/10/26,455.9599915
2021/10/27,453.9400024
2021/10/28,458.3200073
2021/10/29,459.25
2021/11/1,460.0400085
2021/11/2,461.8999939
2021/11/3,464.7200012
2021/11/4,466.9100037
2021/11/5,468.5299988
2021/11/8,468.9299927
2021/11/9,467.3800049
2021/11/10,463.6199951
2021/11/11,463.769989
2021/11/12,467.269989
2021/11/15,467.4299927
2021/11/16,469.2799988
2021/11/17,468.1400146
2021/11/18,469.730011
2021/11/19,468.8900146
2021/11/22,467.5700073
2021/11/23,468.1900024
2021/11/24,469.4400024
2021/11/26,458.9700012
2021/11/29,464.6000061
2021/11/30,455.5599976
2021/12/1,450.5
2021/12/2,457.3999939
2021/12/3,453.4200134
2021/12/6,458.7900085
2021/12/7,468.2799988
2021/12/8,469.519989
2021/12/9,466.3500061
2021/12/10,470.7399902
2021/12/13,466.5700073
2021/12/14,463.3599854
2021/12/15,470.6000061
2021/12/16,466.4500122
2021/12/17,459.8699951
2021/12/20,454.980011
2021/12/21,463.0599976
2021/12/22,467.6900024
2021/12/23,470.6000061
2021/12/27,477.2600098
2021/12/28,476.8699951
2021/12/29,477.480011
2021/12/30,476.1600037
2021/12/31,474.9599915
2022/1/3,477.7099915
2022/1/4,477.5499878
2022/1/5,468.3800049
2022/1/6,467.9400024
2022/1/7,466.0899963
2022/1/10,465.5100098
2022/1/11,469.75
2022/1/12,471.019989
2022/1/13,464.5299988
2022/1/14,464.7200012
2022/1/18,456.4899902
2022/1/19,451.75
2022/1/20,446.75
2022/1/21,437.980011
2022/1/24,439.8399963
2022/1/25,434.4700012
2022/1/26,433.3800049
2022/1/27,431.2399902
2022/1/28,441.9500122
2022/1/31,449.9100037
2022/2/1,452.9500122
2022/2/2,457.3500061
2022/2/3,446.6000061
2022/2/4,448.7000122
2022/2/7,447.2600098
2022/2/8,450.9400024
2022/2/9,457.5400085
2022/2/10,449.3200073
2022/2/11,440.4599915
2022/2/14,439.019989
2022/2/15,446.1000061
2022/2/16,446.6000061
2022/2/17,437.0599976
2022/2/18,434.230011
2022/2/22,429.5700073
2022/2/23,421.9500122
2022/2/24,428.2999878
2022/2/25,437.75
2022/2/28,436.6300049
2022/3/1,429.980011
2022/3/2,437.8900146
2022/3/3,435.7099915
2022/3/4,432.1700134
2022/3/7,419.4299927
2022/3/8,416.25
2022/3/9,427.4100037
2022/3/10,425.480011
2022/3/11,420.0700073
2022/3/14,417
2022/3/15,426.1700134
2022/3/16,435.6199951
2022/3/17,441.0700073
2022/3/18,444.519989
2022/3/21,444.3900146
2022/3/22,449.5899963
2022/3/23,443.7999878
2022/3/24,450.4899902
2022/3/25,452.6900024
2022/3/28,455.9100037
2022/3/29,461.5499878
2022/3/30,458.7000122
2022/3/31,451.6400146
2022/4/1,452.9200134
2022/4/4,456.7999878
2022/4/5,451.0299988
2022/4/6,446.519989
2022/4/7,448.769989
2022/4/8,447.5700073
2022/4/11,439.9200134
2022/4/12,438.2900085
2022/4/13,443.3099976
2022/4/14,437.7900085
2022/4/18,437.9700012
2022/4/19,445.0400085
2022/4/20,444.7099915
2022/4/21,438.0599976
2022/4/22,426.0400085
2022/4/25,428.5100098
2022/4/26,416.1000061
2022/4/27,417.269989
2022/4/28,427.8099976
2022/4/29,412
2022/5/2,414.480011
2022/5/3,416.3800049
2022/5/4,429.0599976
2022/5/5,413.8099976
2022/5/6,411.3399963
2022/5/9,398.1700134
2022/5/10,399.0899963
2022/5/11,392.75
2022/5/12,392.3399963
2022/5/13,401.7200012
2022/5/16,400.0899963
2022/5/17,408.3200073
2022/5/18,391.8599854
2022/5/19,389.4599915
2022/5/20,389.6300049
2022/5/23,396.9200134
2022/5/24,393.8900146
2022/5/25,397.3699951
2022/5/26,405.3099976
2022/5/27,415.2600098
2022/5/31,412.9299927
2022/6/1,409.5899963
2022/6/2,417.3900146
2022/6/3,410.5400085
2022/6/6,411.7900085
2022/6/7,415.7399902
2022/6/8,411.2200012
2022/6/9,401.4400024
2022/6/10,389.7999878
2022/6/13,375
2022/6/14,373.8699951
2022/6/15,379.2000122
2022/6/16,366.6499939
2022/6/17,365.8599854
2022/6/21,375.0700073
2022/6/22,374.3900146
2022/6/23,378.0599976
2022/6/24,390.0799866
2022/6/27,388.5899963
2022/6/28,380.6499939
2022/6/29,380.3399963
2022/6/30,377.25
2022/7/1,381.2399902
2022/7/5,381.9599915
2022/7/6,383.25
2022/7/7,388.9899902
2022/7/8,388.6700134
2022/7/11,384.230011
2022/7/12,380.8299866
2022/7/13,378.8299866
2022/7/14,377.9100037
2022/7/15,385.1300049
2022/7/18,381.9500122
2022/7/19,392.269989
2022/7/20,394.769989
2022/7/21,398.7900085
2022/7/22,395.0899963
2022/7/25,395.5700073
2022/7/26,390.8900146
2022/7/27,401.0400085
2022/7/28,406.0700073
2022/7/29,411.9899902
2022/8/1,410.769989
2022/8/2,408.0599976
2022/8/3,414.4500122
2022/8/4,414.1700134
2022/8/5,413.4700012
2022/8/8,412.9899902
2022/8/9,411.3500061
2022/8/10,419.9899902
2022/8/11,419.9899902
2022/8/12,427.1000061
2022/8/15,428.8599854
2022/8/16,429.7000122
2022/8/17,426.6499939
2022/8/18,427.8900146
2022/8/19,422.1400146
2022/8/22,413.3500061
2022/8/23,412.3500061
2022/8/24,413.6700134
2022/8/25,419.5100098
2022/8/26,405.3099976
2022/8/29,402.6300049
2022/8/30,398.2099915
2022/8/31,395.1799927
2022/9/1,396.4200134
2022/9/2,392.2399902
2022/9/6,390.7600098
2022/9/7,397.7799988
2022/9/8,400.3800049
2022/9/9,406.6000061
2022/9/12,410.9700012
2022/9/13,393.1000061
2022/9/14,394.6000061
2022/9/15,390.1199951
2022/9/16,385.5599976
2022/9/19,388.5499878
2022/9/20,384.0899963
2022/9/21,377.3900146
2022/9/22,374.2200012
2022/9/23,367.9500122
2022/9/26,364.3099976
2022/9/27,363.3800049
2022/9/28,370.5299988
2022/9/29,362.7900085
2022/9/30,357.1799927
2022/10/3,366.6099854
2022/10/4,377.9700012
2022/10/5,377.0899963
2022/10/6,373.2000122
2022/10/7,362.7900085
2022/10/10,360.019989
2022/10/11,357.7399902
2022/10/12,356.5599976
2022/10/13,365.9700012
2022/10/14,357.6300049
2022/10/17,366.8200073
2022/10/18,371.1300049
2022/10/19,368.5
2022/10/20,365.4100037
2022/10/21,374.2900085
2022/10/24,378.8699951
2022/10/25,384.9200134
2022/10/26,382.019989
2022/10/27,379.980011
2022/10/28,389.019989
2022/10/31,386.2099915
2022/11/1,384.519989
2022/11/2,374.8699951
2022/11/3,371.0100098
2022/11/4,376.3500061
2022/11/7,379.9500122
2022/11/8,382
2022/11/9,374.1300049
2022/11/10,394.6900024
2022/11/11,398.5100098
2022/11/14,395.1199951
2022/11/15,398.4899902
2022/11/16,395.4500122
2022/11/17,394.2399902
2022/11/18,396.0299988
2022/11/21,394.5899963
2022/11/22,399.8999939
2022/11/23,402.4200134
2022/11/25,402.3299866
2022/11/28,395.9100037
2022/11/29,395.230011
2022/11/30,407.6799927
2022/12/1,407.3800049
2022/12/2,406.9100037
2022/12/5,399.5899963
2022/12/6,393.8299866
2022/12/7,393.1600037
2022/12/8,396.2399902
2022/12/9,393.2799988
2022/12/12,398.9500122
2022/12/13,401.9700012
2022/12/14,399.3999939
2022/12/15,389.6300049
2022/12/16,383.269989
2022/12/19,380.019989
2022/12/20,380.5400085
2022/12/21,386.230011
2022/12/22,380.7200012
2022/12/23,382.9100037
2022/12/27,381.3999939
2022/12/28,376.6600037
2022/12/29,383.4400024
2022/12/30,382.4299927
2023/1/3,380.8200073
2023/1/4,383.7600098
2023/1/5,379.3800049
2023/1/6,388.0799866
2023/1/9,387.8599854
2023/1/10,390.5799866
2023/1/11,395.519989
2023/1/12,396.9599915
2023/1/13,398.5
2023/1/17,397.769989
2023/1/18,391.4899902
2023/1/19,388.6400146
2023/1/20,395.8800049
2023/1/23,400.6300049
2023/1/24,400.2000122
2023/1/25,400.3500061
2023/1/26,404.75
2023/1/27,405.6799927
2023/1/30,400.5899963
2023/1/31,406.480011
2023/2/1,410.7999878
2023/2/2,416.7799988
2023/2/3,412.3500061
2023/2/6,409.8299866
2023/2/7,415.1900024
2023/2/8,410.6499939
2023/2/9,407.0899963
2023/2/10,408.0400085
2023/2/13,412.8299866
2023/2/14,412.6400146
2023/2/15,413.980011
2023/2/16,408.2799988
2023/2/17,407.2600098
2023/2/21,399.0899963
2023/2/22,398.5400085
2023/2/23,400.6600037
2023/2/24,396.3800049
2023/2/27,397.730011
2023/2/28,396.2600098
2023/3/1,394.7399902
2023/3/2,397.8099976
2023/3/3,404.1900024
2023/3/6,404.4700012
2023/3/7,398.269989
2023/3/8,398.9200134
2023/3/9,391.5599976
2023/3/10,385.9100037
2023/3/13,385.3599854
2023/3/14,391.730011
2023/3/15,389.2799988
2023/3/16,396.1099854
2023/3/17,389.9899902
2023/3/20,393.7399902
2023/3/21,398.9100037
2023/3/22,392.1099854
2023/3/23,393.1700134
2023/3/24,395.75
2023/3/27,396.4899902
2023/3/28,395.6000061
2023/3/29,401.3500061
2023/3/30,403.7000122
2023/3/31,409.3900146
2023/4/3,410.9500122
2023/4/4,408.6700134
2023/4/5,407.6000061
2023/4/6,409.1900024
2023/4/10,409.6099854
2023/4/11,409.7200012
2023/4/12,408.0499878
2023/4/13,413.4700012
2023/4/14,412.4599915
2023/4/17,413.9400024
2023/4/18,414.2099915
2023/4/19,414.1400146
2023/4/20,411.8800049
2023/4/21,412.2000122
2023/4/24,412.6300049
2023/4/25,406.0799866
2023/4/26,404.3599854
2023/4/27,412.4100037
2023/4/28,415.9299927
2023/5/1,415.5100098
2023/5/2,410.8399963
2023/5/3,408.019989
2023/5/4,405.1300049
2023/5/5,412.6300049
2023/5/8,412.7399902
2023/5/9,410.9299927
2023/5/10,412.8500061
2023/5/11,412.1300049
2023/5/12,411.5899963
2023/5/15,413.0100098
2023/5/16,410.25
2023/5/17,415.230011
2023/5/18,419.230011
2023/5/19,418.6199951
2023/5/22,418.7900085
2023/5/23,414.0899963
2023/5/24,411.0899963
2023/5/25,414.6499939
2023/5/26,420.019989
2023/5/30,420.1799927
2023/5/31,417.8500061
2023/6/1,421.8200073
2023/6/2,427.9200134
2023/6/5,427.1000061
2023/6/6,428.0299988
2023/6/7,426.5499878
2023/6/8,429.1300049
2023/6/9,429.8999939
2023/6/12,433.7999878
2023/6/13,436.6600037
2023/6/14,437.1799927
2023/6/15,442.6000061
2023/6/16,439.4599915
2023/6/20,437.1799927
2023/6/21,434.9400024
2023/6/22,436.5100098
2023/6/23,433.2099915
2023/6/26,431.4400024
2023/6/27,436.1700134
2023/6/28,436.3900146
2023/6/29,438.1099854
2023/6/30,443.2799988
2023/7/3,443.7900085
2023/7/5,443.1300049
2023/7/6,439.6600037
2023/7/7,438.5499878
2023/7/10,439.6600037
2023/7/11,442.4599915
2023/7/12,446.019989
2023/7/13,449.5599976
2023/7/14,449.2799988
2023/7/17,450.8399963
2023/7/18,454.1900024
2023/7/19,455.2000122
2023/7/20,452.1799927
2023/7/21,452.1799927
2023/7/24,454.2000122
2023/7/25,455.4400024
2023/7/26,455.5100098
2023/7/27,452.4899902
2023/7/28,456.9200134
2023/7/31,457.7900085
2023/8/1,456.480011
2023/8/2,450.1300049
2023/8/3,448.8399963
2023/8/4,446.8099976
2023/8/7,450.7099915
2023/8/8,448.75
2023/8/9,445.75
2023/8/10,445.9100037
2023/8/11,445.6499939
2023/8/14,448.1099854
2023/8/15,442.8900146
2023/8/16,439.6400146
2023/8/17,436.2900085
2023/8/18,436.5
2023/8/21,439.3399963
2023/8/22,438.1499939
2023/8/23,443.0299988
2023/8/24,436.8900146
2023/8/25,439.9700012
2023/8/28,442.7600098
2023/8/29,449.1600037
2023/8/30,451.0100098
2023/8/31,450.3500061
2023/9/1,451.1900024
2023/9/5,449.2399902
2023/9/6,446.2200012
2023/9/7,444.8500061
2023/9/8,445.519989
2023/9/11,448.4500122
2023/9/12,445.9899902
2023/9/13,446.5100098
2023/9/14,450.3599854
2023/9/15,443.3699951
2023/9/18,443.6300049
2023/9/19,442.7099915
2023/9/20,438.6400146
2023/9/21,431.3900146
2023/9/22,430.4200134
2023/9/25,432.230011
2023/9/26,425.8800049
2023/9/27,426.0499878
2023/9/28,428.519989
2023/9/29,427.480011
2023/10/2,427.3099976
2023/10/3,421.5899963
2023/10/4,424.6600037
2023/10/5,424.5
2023/10/6,429.5400085
2023/10/9,432.2900085
2023/10/10,434.5400085
2023/10/11,436.3200073
2023/10/12,433.6600037
2023/10/13,431.5
2023/10/16,436.0400085
2023/10/17,436.019989
2023/10/18,430.2099915
2023/10/19,426.4299927
2023/10/20,421.1900024
2023/10/23,420.4599915
2023/10/24,423.6300049
2023/10/25,417.5499878
2023/10/26,412.5499878
2023/10/27,410.6799927
2023/10/30,415.5899963
2023/10/31,418.2000122
2023/11/1,422.6600037
2023/11/2,430.7600098
2023/11/3,434.6900024
2023/11/6,435.6900024
2023/11/7,436.9299927
2023/11/8,437.25
2023/11/9,433.8399963
2023/11/10,440.6099854
2023/11/13,440.1900024
2023/11/14,448.730011
2023/11/15,449.6799927
2023/11/16,450.230011
2023/11/17,450.7900085
2023/11/20,454.2600098
2023/11/21,453.269989
2023/11/22,455.019989
2023/11/24,455.2999878
2023/11/27,454.480011
2023/11/28,454.9299927
2023/11/29,454.6099854
2023/11/30,456.3999939
2023/12/1,459.1000061
2023/12/4,456.6900024
2023/12/5,456.6000061
2023/12/6,454.7600098
2023/12/7,458.230011
2023/12/8,460.2000122
2023/12/11,461.9899902
2023/12/12,464.1000061
2023/12/13,470.5
2023/12/14,472.0100098
2023/12/15,469.3299866
2023/12/18,471.9700012
2023/12/19,474.8399963
2023/12/20,468.2600098
2023/12/21,472.7000122
2023/12/22,473.6499939
2023/12/26,475.6499939
2023/12/27,476.5100098
2023/12/28,476.6900024
2023/12/29,475.3099976
2024/1/2,472.6499939
2024/1/3,468.7900085
2024/1/4,467.2799988
2024/1/5,467.9200134
2024/1/8,474.6000061
2024/1/9,473.8800049
2024/1/10,476.5599976
2024/1/11,476.3500061
2024/1/12,476.6799927
2024/1/16,474.9299927
2024/1/17,472.2900085
2024/1/18,476.4899902
2024/1/19,482.4299927
2024/1/22,483.4500122
2024/1/23,484.8599854
2024/1/24,485.3900146
2024/1/25,488.0299988
2024/1/26,487.4100037
2024/1/29,491.269989
2024/1/30,490.8900146
2024/1/31,482.8800049
2024/2/1,489.2000122
2024/2/2,494.3500061
2024/2/5,492.5499878
2024/2/6,493.980011
2024/2/7,498.1000061
2024/2/8,498.3200073
2024/2/9,501.2000122
2024/2/12,500.980011
2024/2/13,494.0799866
2024/2/14,498.5700073
2024/2/15,502.0100098
2024/2/16,499.5100098
2024/2/20,496.7600098
2024/2/21,497.2099915
2024/2/22,507.5
2024/2/23,507.8500061
2024/2/26,505.9899902
2024/2/27,506.9299927
2024/2/28,506.2600098
2024/2/29,508.0799866
2024/3/1,512.8499756
2024/3/4,512.2999878
2024/3/5,507.1799927
2024/3/6,509.75
2024/3/7,514.8099976
2024/3/8,511.7200012
2024/3/11,511.2799988
2024/3/12,516.7800293
2024/3/13,515.9699707
2024/3/14,514.9500122
2024/3/15,509.8299866
2024/3/18,512.8599854
2024/3/19,515.710022
2024/3/20,520.4799805
2024/3/21,522.2000122
2024/3/22,521.210022
2024/3/25,519.7700195
2024/3/26,518.8099976
2024/3/27,523.1699829
2024/3/28,523.0700073
2024/4/1,522.1599731
2024/4/2,518.8400269
2024/4/3,519.4099731
2024/4/4,513.0700073
2024/4/5,518.4299927
2024/4/8,518.7199707
2024/4/9,519.3200073
2024/4/10,514.1199951
2024/4/11,518
2024/4/12,510.8500061
2024/4/15,504.4500122
2024/4/16,503.5299988
2024/4/17,500.5499878
2024/4/18,499.519989
2024/4/19,495.1600037
2024/4/22,499.7200012
2024/4/23,505.6499939
2024/4/24,505.4100037
2024/4/25,503.4899902
2024/4/26,508.2600098
2024/4/29,510.0599976
2024/4/30,501.980011
2024/5/1,500.3500061
2024/5/2,505.0299988
2024/5/3,511.2900085
2024/5/6,516.5700073
2024/5/7,517.1400146
2024/5/8,517.1900024
2024/5/9,520.1699829
2024/5/10,520.8400269
2024/5/13,520.9099731
2024/5/14,523.2999878
2024/5/15,529.7800293
2024/5/16,528.6900024
2024/5/17,529.4500122
2024/5/20,530.0599976
2024/5/21,531.3599854
2024/5/22,529.8300171
2024/5/23,525.960022
2024/5/24,529.4400024
2024/5/28,529.8099976
2024/5/29,526.0999756
2024/5/30,522.6099854
2024/5/31,527.3699951
2024/6/3,527.7999878
2024/6/4,528.3900146
2024/6/5,534.6699829
2024/6/6,534.6599731
2024/6/7,534.0100098
2024/6/10,535.6599731
2024/6/11,536.9500122
2024/6/12,541.3599854
2024/6/13,542.4500122
2024/6/14,542.7800293
2024/6/17,547.0999756
2024/6/18,548.4899902
2024/6/20,547
2024/6/21,544.5100098
2024/6/24,542.7399902
2024/6/25,544.8300171
2024/6/26,545.5100098
2024/6/27,546.3699951
2024/6/28,544.2199707
2024/7/1,545.3400269
2024/7/2,549.0100098
2024/7/3,551.460022
2024/7/5,554.6400146
2024/7/8,555.2800293
2024/7/9,555.8200073
2024/7/10,561.3200073
2024/7/11,556.4799805
2024/7/12,559.9899902
2024/7/15,561.5300293
2024/7/16,564.8599854
2024/7/17,556.9400024
2024/7/18,552.6599731
2024/7/19,548.9899902
2024/7/22,554.6500244
2024/7/23,553.7800293
2024/7/24,541.2299805
2024/7/25,538.4099731
2024/7/26,544.4400024
2024/7/29,544.7600098
2024/7/30,542
2024/7/31,550.8099976
2024/8/1,543.0100098
2024/8/2,532.9000244
2024/8/5,517.3800049
2024/8/6,522.1500244
2024/8/7,518.6599731
2024/8/8,530.6500244
2024/8/9,532.9899902
2024/8/12,533.2700195
2024/8/13,542.039978
2024/8/14,543.75
2024/8/15,553.0700073
2024/8/16,554.3099976
2024/8/19,559.6099854
2024/8/20,558.7000122
2024/8/21,560.6199951
2024/8/22,556.2199707
2024/8/23,562.1300049
2024/8/26,560.789978
2024/8/27,561.5599976
2024/8/28,558.2999878
2024/8/29,558.3499756
2024/8/30,563.6799927
2024/9/3,552.0800171
2024/9/4,550.9500122
2024/9/5,549.6099854
2024/9/6,540.3599854
2024/9/9,546.4099731
2024/9/10,548.789978
2024/9/11,554.4199829
2024/9/12,559.0900269
2024/9/13,562.0100098
2024/9/16,562.8400269
2024/9/17,563.0700073
2024/9/18,561.4000244
2024/9/19,570.9799805
2024/9/20,568.25
2024/9/23,569.6699829
2024/9/24,571.2999878
2024/9/25,570.039978
2024/9/26,572.2999878
2024/9/27,571.4699707
2024/9/30,573.7600098
2024/10/1,568.6199951
2024/10/2,568.8599854
2024/10/3,567.8200073
2024/10/4,572.9799805
2024/10/7,567.7999878
2024/10/8,573.1699829
2024/10/9,577.1400146
2024/10/10,576.1300049
2024/10/11,579.5800171
2024/10/14,584.3200073
2024/10/15,579.7800293
2024/10/16,582.2999878
2024/10/17,582.3499756
2024/10/18,584.5900269
2024/10/21,583.6300049
2024/10/22,583.3200073
2024/10/23,577.9899902
2024/10/24,579.2399902
2024/10/25,579.039978
2024/10/28,580.8300171
2024/10/29,581.7700195
2024/10/30,580.0100098
2024/10/31,568.6400146
2024/11/1,571.039978
2024/11/4,569.8099976
2024/11/5,576.7000122
2024/11/6,591.039978
2024/11/7,595.6099854
2024/11/8,598.1900024
2024/11/11,598.7600098
2024/11/12,596.9000244
2024/11/13,597.1900024
2024/11/14,593.3499756
2024/11/15,585.75
2024/11/18,588.1500244
2024/11/19,590.2999878
2024/11/20,590.5
2024/11/21,593.6699829
2024/11/22,595.5100098
2024/11/25,597.5300293
2024/11/26,600.6500244
2024/11/27,598.8300171
2024/11/29,602.5499878
2024/12/2,603.6300049
2024/12/3,603.9099731
2024/12/4,607.6599731
2024/12/5,606.6599731
2024/12/6,607.8099976
2024/12/9,604.6799927
2024/12/10,602.7999878
2024/12/11,607.460022
2024/12/12,604.3300171
2024/12/13,604.210022
2024/12/16,606.789978
2024/12/17,604.289978
2024/12/18,586.2800293
2024/12/19,586.0999756
2024/12/20,591.1500244
2024/12/23,594.6900024
2024/12/24,601.2999878
2024/12/26,601.3400269
2024/12/27,595.0100098
2024/12/30,588.2199707
2024/12/31,586.0800171
2025/1/2,584.6400146
2025/1/3,591.9500122
2025/1/6,595.3599854
2025/1/7,588.6300049
2025/1/8,589.4899902
2025/1/10,580.4899902
2025/1/13,581.3900146
2025/1/14,582.1900024
2025/1/15,592.7800293
2025/1/16,591.6400146
2025/1/17,597.5800171
2025/1/21,603.0499878
2025/1/22,606.4400024
2025/1/23,609.75
2025/1/24,607.9699707
2025/1/27,599.3699951
2025/1/28,604.5200195
2025/1/29,601.8099976
2025/1/30,605.039978
2025/1/31,601.8200073
2025/2/3,597.7700195
2025/2/4,601.7800293
2025/2/5,604.2199707
2025/2/6,606.3200073
2025/2/7,600.7700195
2025/2/10,604.8499756
2025/2/11,605.3099976
2025/2/12,603.3599854
2025/2/13,609.7299805
2025/2/14,609.7000122
2025/2/18,611.4899902
2025/2/19,612.9299927
2025/2/20,610.3800049
2025/2/21,599.9400024
2025/2/24,597.210022
2025/2/25,594.2399902
2025/2/26,594.539978
2025/2/27,585.0499878
2025/2/28,594.1799927
2025/3/3,583.7700195
2025/3/4,576.8599854
2025/3/5,583.0599976
2025/3/6,572.710022
2025/3/7,575.9199829
2025/3/10,560.5800171
2025/3/11,555.9199829
2025/3/12,558.8699951
2025/3/13,551.4199829
2025/3/14,562.8099976
2025/3/17,567.1500244
2025/3/18,561.0200195
2025/3/19,567.1300049
2025/3/20,565.4899902
2025/3/21,563.9799805
2025/3/24,574.0800171
2025/3/25,575.460022
2025/3/26,568.5900269
2025/3/27,567.0800171
2025/3/28,555.6599731
2025/3/31,559.3900146
2025/4/1,560.9699707
2025/4/2,564.5200195
2025/4/3,536.7000122
2025/4/4,505.2799988
2025/4/7,504.3800049
2025/4/8,496.480011
2025/4/9,548.6199951
2025/4/10,524.5800171
2025/4/11,533.9400024
2025/4/14,539.1199951
2025/4/15,537.6099854
2025/4/16,525.6599731
2025/4/17,526.4099731
2025/4/21,513.8800049
2025/4/22,527.25
2025/4/23,535.4199829
2025/4/24,546.6900024
2025/4/25,550.6400146
2025/4/28,550.8499756
2025/4/29,554.3200073
2025/4/30,554.539978
2025/5/1,558.4699707
2025/5/2,566.7600098
2025/5/5,563.5100098
2025/5/6,558.7999878
2025/5/7,561.1500244
2025/5/8,565.0599976
2025/5/9,564.3400269
2025/5/12,582.9899902
2025/5/13,586.8400269
2025/5/14,587.5900269
2025/5/15,590.460022
2025/5/16,594.2000122
2025/5/19,594.8499756
2025/5/20,592.8499756
2025/5/21,582.8599854
2025/5/22,583.0900269
2025/5/23,579.1099854
2025/5/27,591.1500244
2025/5/28,587.7299805
2025/5/29,590.0499878
2025/5/30,589.3900146
2025/6/2,592.710022
2025/6/3,596.0900269
2025/6/4,595.9299927
2025/6/5,593.0499878
2025/6/6,599.1400146
2025/6/9,599.6799927
2025/6/10,603.0800171
2025/6/11,601.3599854
2025/6/12,603.75
2025/6/13,597
2025/6/16,602.6799927
2025/6/17,597.5300293
2025/6/18,597.4400024
2025/6/20,594.2800293
2025/6/23,600.1500244
2025/6/24,606.7800293
2025/6/25,607.1199951
2025/6/26,611.8699951
2025/6/27,614.9099731
2025/6/30,617.8499756
2025/7/1,617.6500244
2025/7/2,620.4500122
2025/7/3,625.3400269
2025/7/7,620.6799927
2025/7/8,620.3400269
2025/7/9,624.0599976
2025/7/10,625.8200073
2025/7/11,623.6199951
2025/7/14,624.8099976
2025/7/15,622.1400146
2025/7/16,624.2199707
2025/7/17,628.039978
2025/7/18,627.5800171
2025/7/21,628.7700195
2025/7/22,628.8599854
2025/7/23,634.210022
2025/7/24,634.4199829
2025/7/25,637.0999756
2025/7/28,636.9400024
2025/7/29,635.2600098
2025/7/30,634.460022
2025/7/31,632.0800171
2025/8/1,621.7199707
2025/8/4,631.1699829
2025/8/5,627.9699707
2025/8/6,632.7800293
2025/8/7,632.25
2025/8/8,637.1799927
2025/8/11,635.9199829
2025/8/12,642.6900024
2025/8/13,644.8900146
2025/8/14,644.9500122
2025/8/15,643.4400024
2025/8/18,643.2999878
2025/8/19,639.8099976
2025/8/20,638.1099854
2025/8/21,635.5499878
2025/8/22,645.3099976
2025/8/25,642.4699707
2025/8/26,645.1599731
2025/8/27,646.6300049
2025/8/28,648.9199829
2025/8/29,645.0499878
2025/9/2,640.2700195
2025/9/3,643.7399902
2025/9/4,649.1199951
2025/9/5,647.2399902
2025/9/8,648.8300171
2025/9/9,650.3300171
2025/9/10,652.210022
2025/9/11,657.6300049
2025/9/12,657.4099731
2025/9/15,660.9099731
2025/9/16,660
2025/9/17,659.1799927
2025/9/18,662.2600098
2025/9/19,663.7000122
2025/9/22,666.8400269
2025/9/23,663.210022
2025/9/24,661.0999756
2025/9/25,658.0499878
2025/9/26,661.8200073
2025/9/29,663.6799927
2025/9/30,666.1799927
2025/10/1,668.4500122
2025/10/2,669.2199707
2025/10/3,669.210022
2025/10/6,671.6099854
2025/10/7,669.1199951
2025/10/8,673.1099854
2025/10/9,671.1599731
2025/10/10,653.0200195
2025/10/13,663.039978
2025/10/14,662.2299805
2025/10/15,665.1699829
2025/10/16,660.6400146
2025/10/17,664.3900146
2025/10/20,671.2999878
2025/10/21,671.289978
2025/10/22,667.7999878
2025/10/23,671.7600098
2025/10/24,677.25
2025/10/27,685.2399902
2025/10/28,687.0599976
2025/10/29,687.3900146
2025/10/30,679.8300171
2025/10/31,682.0599976
2025/11/3,683.3400269
2025/11/4,675.2399902
2025/11/5,677.5800171
2025/11/6,670.3099976
2025/11/7,670.9699707
2025/11/10,681.4400024
2025/11/11,683
2025/11/12,683.3800049
2025/11/13,672.039978
2025/11/14,671.9299927
2025/11/17,665.6699829
2025/11/18,660.0800171
2025/11/19,662.6300049
2025/11/20,652.5300293
2025/11/21,659.0300293
2025/11/24,668.7299805
2025/11/25,675.0200195
2025/11/26,679.6799927
2025/11/28,683.3900146
2025/12/1,680.2700195
2025/12/2,681.5300293
2025/12/3,683.8900146
2025/12/4,684.3900146
2025/12/5,685.6900024
2025/12/8,683.6300049
2025/12/9,683.039978
2025/12/10,687.5700073
2025/12/11,689.1699829
2025/12/12,681.7600098
2025/12/15,680.7299805
2025/12/16,678.8699951
2025/12/17,671.4000244
2025/12/18,676.4699707
2025/12/19,680.5900269
2025/12/22,684.8300171
2025/12/23,687.960022
2025/12/24,690.3800049
2025/12/26,690.3099976
2025/12/29,687.8499756
2025/12/30,687.0100098
2025/12/31,681.9199829
2026/1/2,683.1699829
2026/1/5,687.7199707
2026/1/6,691.8099976
2026/1/7,689.5800171
2026/1/8,689.5100098
2026/1/9,694.0700073
2026/1/12,695.1599731
2026/1/13,693.7700195
2026/1/14,690.3599854
2026/1/15,692.2399902
2026/1/16,691.6599731
2026/1/20,677.5800171
2026/1/21,685.4000244
2026/1/22,688.9799805
2026/1/23,689.2299805
2026/1/26,692.7299805
2026/1/27,695.4899902
2026/1/28,695.4199829
2026/1/29,694.039978
2026/1/30,691.9699707
2026/2/2,695.4099731
2026/2/3,689.5300293
2026/2/4,686.1900024
2026/2/5,677.6199951
2026/2/6,690.6199951
2026/2/9,693.9500122
2026/2/10,692.1199951
2026/2/11,691.960022
2026/2/12,681.2700195
2026/2/13,681.75
2026/2/17,682.8499756
2026/2/18,686.289978
2026/2/19,684.4799805
2026/2/20,689.4299927
2026/2/23,682.3900146
2026/2/24,687.3499756
2026/2/25,693.1500244
2026/2/26,689.2999878
2026/2/27,685.9899902
2026/3/2,686.3800049
2026/3/3,680.3300171
2026/3/4,685.1300049
2026/3/5,681.3099976
2026/3/6,672.3800049
2026/3/9,678.2700195
2026/3/10,677.1799927
2026/3/11,676.3300171
2026/3/12,666.0599976
2026/3/13,662.289978
2026/3/16,669.0300293
2026/3/17,670.789978
2026/3/18,661.4299927
2026/3/19,659.7999878
2026/3/20,648.5700073
2026/3/23,655.3800049
2026/3/24,653.1799927
2026/3/25,656.8200073
2026/3/26,645.0900269
2026/3/27,634.0900269
2026/3/30,631.9699707
2026/3/31,650.3400269
2026/4/1,655.2399902
2026/4/2,655.8300171
2026/4/6,658.9299927
2026/4/7,659.2199707
2026/4/8,676.0100098
2026/4/9,679.9099731
2026/4/10,679.460022
2026/4/13,686.0999756
2026/4/14,694.460022
2026/4/15,699.9400024
2026/4/16,701.6599731
2026/4/17,710.1400146
2026/4/20,708.7199707
2026/4/21,704.0800171
2026/4/22,711.210022
2026/4/23,708.4500122
2026/4/24,713.9400024
2026/4/27,715.1699829
2026/4/28,711.6900024
2026/4/29,711.5800171
2026/4/30,718.6599731
2026/5/1,720.6500244
2026/5/4,718.0100098
2026/5/5,723.7700195
2026/5/6,733.8300171
2026/5/7,731.5800171
2026/5/8,737.6199951
2026/5/11,739.2999878
2026/5/12,738.1799927
2026/5/13,742.3099976
2026/5/14,748.1699829
2026/5/15,739.1699829
2026/5/18,738.6500244
2026/5/19,733.7299805
2026/5/20,741.25
2026/5/21,742.7199707
2026/5/22,745.6400146
2026/5/26,750.5900269
2026/5/27,750.460022
2026/5/28,754.5999756
2026/5/29,756.4799805
2026/6/1,758.539978
2026/6/2,759.5700073
2026/6/3,754.2399902
2026/6/4,757.0900269
2026/6/5,737.5499878
2026/6/8,739.2199707
2026/6/9,737.0499878
2026/6/10,725.4299927
2026/6/11,737.7600098
2026/6/12,741.75
2026/6/15,754.8300171
2026/6/16,750.3300171
2026/6/17,740.960022
2026/6/18,746.7399902
2026/6/22,744.3900146
2026/6/23,733.5800171
2026/6/24,733.2399902
2026/6/25,734.2999878
2026/6/26,728.9899902
2026/6/29,741
2026/6/30,746.7700195
2026/7/1,745.7600098
2026/7/2,744.7800293
2026/7/6,751.2800293
2026/7/7,747.710022
2026/7/8,745.4000244
2026/7/9,751.710022
2026/7/10,754.9500122
2026/7/13,749.1699829
2026/7/14,751.8300171
2026/7/15,754.8099976
2026/7/16,750.7199707
2026/7/17,743.289978
2026/7/20,742.0900269
2026/7/21,748.2800293
2026/7/22,747.4099731
2026/7/23,738.1799927
2026/7/24,738.9299927
2026/7/27,739.0900269
2026/7/28,740.8599854
2026/7/29,729.460022
2026/7/30,741.6900024
2026/7/31,747.0300293
2026/8/3,757.6699829
2026/8/4,771.3300171
2026/8/5,769.789978
2026/8/6,768.5599976
2026/8/7,773.2600098
2026/8/10,773.0300293
2026/8/11,770.5599976
2026/8/12,772.4899902
2026/8/13,777.8800049
2026/8/14,776.3400269
2026/8/17,772.6699829
2026/8/18,767.4500122
2026/8/19,769.0599976
2026/8/20,762.5999756
2026/8/21,765.7199707
2026/8/24,763.4699707
2026/8/25,765.8499756
